,sample no,feature values,actual class,predicted class
0,244,[0.44711366 3.61584081 6.70329773 9.0538061  1.        ],0.0,1
